{"client_meta":{"background_color":{"r":0.11764705926179886,"g":0.11764705926179886,"b":0.11764705926179886,"a":1},"thumbnail_size":{"width":400,"height":272},"render_coordinates":{"x":-1802,"y":-820,"width":10919,"height":7429}},"file_name":"Untitled","developer_related_links":[],"exported_at":"2026-04-27T10:10:58.128Z"}